{"cameraMode":{"drawMode":0,"name":"Shaded","section":"Shading Mode"},"sceneLighting":false,"audioPlay":false,"sceneViewState":{"showFog":false,"showMaterialUpdate":false,"showSkybox":false,"showFlares":false,"showImageEffects":false,"showParticleSystems":false},"in2DMode":false,"pivot":{"x":25.769874572753908,"y":0.8976484537124634,"z":16.88848114013672},"rotation":{"x":-0.016189465299248697,"y":-0.9792367219924927,"z":0.08688919991254807,"w":-0.18244697153568269},"size":1.8245935440063477,"orthographic":false}