{"cameraMode":{"drawMode":0,"name":"Shaded","section":"Shading Mode"},"sceneLighting":true,"audioPlay":false,"sceneViewState":{"showFog":false,"showMaterialUpdate":false,"showSkybox":false,"showFlares":false,"showImageEffects":false,"showParticleSystems":false},"in2DMode":false,"pivot":{"x":25.364330291748048,"y":0.9599999785423279,"z":16.847986221313478},"rotation":{"x":-0.0010237537790089846,"y":-0.9898408651351929,"z":0.14201484620571137,"w":-0.007129930425435305},"size":1.0965821743011475,"orthographic":false}