{"cameraMode":{"drawMode":0,"name":"Shaded","section":"Shading Mode"},"sceneLighting":false,"audioPlay":false,"sceneViewState":{"showFog":true,"showMaterialUpdate":false,"showSkybox":false,"showFlares":true,"showImageEffects":true,"showParticleSystems":true},"in2DMode":false,"pivot":{"x":25.241413116455079,"y":0.35127538442611697,"z":19.382871627807618},"rotation":{"x":-0.01150414627045393,"y":0.9880161285400391,"z":-0.0921507328748703,"w":-0.12333019822835922},"size":0.6924815773963928,"orthographic":false}