{"cameraMode":{"drawMode":0,"name":"Shaded","section":"Shading Mode"},"sceneLighting":false,"audioPlay":false,"sceneViewState":{"showFog":true,"showMaterialUpdate":false,"showSkybox":false,"showFlares":true,"showImageEffects":true,"showParticleSystems":true},"in2DMode":false,"pivot":{"x":25.733474731445314,"y":0.89989173412323,"z":16.88848114013672},"rotation":{"x":-0.04320351406931877,"y":0.6960135102272034,"z":-0.04202736169099808,"w":-0.715495228767395},"size":0.4124099016189575,"orthographic":false}