{"cameraMode":{"drawMode":0,"name":"Shaded","section":"Shading Mode"},"sceneLighting":true,"audioPlay":false,"sceneViewState":{"showFog":true,"showMaterialUpdate":false,"showSkybox":false,"showFlares":true,"showImageEffects":true,"showParticleSystems":true},"in2DMode":false,"pivot":{"x":6.730000019073486,"y":3.1009998321533205,"z":8.945000648498536},"rotation":{"x":0.005539508070796728,"y":0.9900287389755249,"z":-0.1347837895154953,"w":0.04072940722107887},"size":6.019587516784668,"orthographic":false}