{"cameraMode":{"drawMode":0,"name":"Shaded","section":"Shading Mode"},"sceneLighting":false,"audioPlay":false,"sceneViewState":{"showFog":true,"showMaterialUpdate":false,"showSkybox":false,"showFlares":true,"showImageEffects":true,"showParticleSystems":true},"in2DMode":false,"pivot":{"x":4.207386016845703,"y":1.545417308807373,"z":14.996440887451172},"rotation":{"x":0.0390903539955616,"y":0.795634925365448,"z":-0.05163723602890968,"w":0.6023218631744385},"size":4.946107864379883,"orthographic":false}