{"cameraMode":{"drawMode":0,"name":"Shaded","section":"Shading Mode"},"sceneLighting":false,"audioPlay":false,"sceneViewState":{"showFog":true,"showMaterialUpdate":false,"showSkybox":false,"showFlares":true,"showImageEffects":true,"showParticleSystems":true},"in2DMode":false,"pivot":{"x":4.208678722381592,"y":1.5462887287139893,"z":10.70300006866455},"rotation":{"x":0.009045382030308247,"y":0.9851030111312866,"z":-0.1628284454345703,"w":0.054715510457754138},"size":2.306577682495117,"orthographic":false}