{"cameraMode":{"drawMode":0,"name":"Shaded","section":"Shading Mode"},"sceneLighting":false,"audioPlay":false,"sceneViewState":{"showFog":true,"showMaterialUpdate":false,"showSkybox":false,"showFlares":true,"showImageEffects":true,"showParticleSystems":true},"in2DMode":false,"pivot":{"x":4.208678722381592,"y":1.5392000675201417,"z":19.059999465942384},"rotation":{"x":0.0003750677569769323,"y":0.999352216720581,"z":-0.010802834294736386,"w":0.03447817638516426},"size":1.4943392276763917,"orthographic":false}